Date,Production,Year,Month,Production_Lag_1,Production_Lag_2,Production_Lag_3
1920-04-15,1165,1920,4,1167.0,1145.0,1097.0
1920-05-15,1181,1920,5,1165.0,1167.0,1145.0
1920-06-15,1222,1920,6,1181.0,1165.0,1167.0
1920-07-15,1218,1920,7,1222.0,1181.0,1165.0
1920-08-15,1255,1920,8,1218.0,1222.0,1181.0
1920-09-15,1251,1920,9,1255.0,1218.0,1222.0
1920-10-15,1277,1920,10,1251.0,1255.0,1218.0
1920-11-15,1287,1920,11,1277.0,1251.0,1255.0
1920-12-15,1257,1920,12,1287.0,1277.0,1251.0
1921-01-15,1230,1921,1,1257.0,1287.0,1277.0
1921-02-15,1269,1921,2,1230.0,1257.0,1287.0
1921-03-15,1326,1921,3,1269.0,1230.0,1257.0
1921-04-15,1341,1921,4,1326.0,1269.0,1230.0
1921-05-15,1361,1921,5,1341.0,1326.0,1269.0
1921-06-15,1352,1921,6,1361.0,1341.0,1326.0
1921-07-15,1305,1921,7,1352.0,1361.0,1341.0
1921-08-15,1326,1921,8,1305.0,1352.0,1361.0
1921-09-15,1225,1921,9,1326.0,1305.0,1352.0
1921-10-15,1156,1921,10,1225.0,1326.0,1305.0
1921-11-15,1270,1921,11,1156.0,1225.0,1326.0
1921-12-15,1360,1921,12,1270.0,1156.0,1225.0
1922-01-15,1410,1922,1,1360.0,1270.0,1156.0
1922-02-15,1476,1922,2,1410.0,1360.0,1270.0
1922-03-15,1522,1922,3,1476.0,1410.0,1360.0
1922-04-15,1506,1922,4,1522.0,1476.0,1410.0
1922-05-15,1516,1922,5,1506.0,1522.0,1476.0
1922-06-15,1536,1922,6,1516.0,1506.0,1522.0
1922-07-15,1520,1922,7,1536.0,1516.0,1506.0
1922-08-15,1518,1922,8,1520.0,1536.0,1516.0
1922-09-15,1527,1922,9,1518.0,1520.0,1536.0
1922-10-15,1562,1922,10,1527.0,1518.0,1520.0
1922-11-15,1601,1922,11,1562.0,1527.0,1518.0
1922-12-15,1634,1922,12,1601.0,1562.0,1527.0
1923-01-15,1694,1923,1,1634.0,1601.0,1562.0
1923-02-15,1735,1923,2,1694.0,1634.0,1601.0
1923-03-15,1838,1923,3,1735.0,1694.0,1634.0
1923-04-15,1967,1923,4,1838.0,1735.0,1694.0
1923-05-15,2012,1923,5,1967.0,1838.0,1735.0
1923-06-15,2095,1923,6,2012.0,1967.0,1838.0
1923-07-15,2127,1923,7,2095.0,2012.0,1967.0
1923-08-15,2143,1923,8,2127.0,2095.0,2012.0
1923-09-15,2177,1923,9,2143.0,2127.0,2095.0
1923-10-15,2178,1923,10,2177.0,2143.0,2127.0
1923-11-15,2180,1923,11,2178.0,2177.0,2143.0
1923-12-15,1921,1923,12,2180.0,2178.0,2177.0
1924-01-15,1848,1924,1,1921.0,2180.0,2178.0
1924-02-15,1927,1924,2,1848.0,1921.0,2180.0
1924-03-15,1940,1924,3,1927.0,1848.0,1921.0
1924-04-15,1994,1924,4,1940.0,1927.0,1848.0
1924-05-15,1995,1924,5,1994.0,1940.0,1927.0
1924-06-15,1986,1924,6,1995.0,1994.0,1940.0
1924-07-15,1998,1924,7,1986.0,1995.0,1994.0
1924-08-15,2013,1924,8,1998.0,1986.0,1995.0
1924-09-15,2013,1924,9,2013.0,1998.0,1986.0
1924-10-15,1951,1924,10,2013.0,2013.0,1998.0
1924-11-15,1893,1924,11,1951.0,2013.0,2013.0
1924-12-15,1853,1924,12,1893.0,1951.0,2013.0
1925-01-15,1736,1925,1,1853.0,1893.0,1951.0
1925-02-15,1735,1925,2,1736.0,1853.0,1893.0
1925-03-15,1729,1925,3,1735.0,1736.0,1853.0
1925-04-15,1730,1925,4,1729.0,1735.0,1736.0
1925-05-15,1722,1925,5,1730.0,1729.0,1735.0
1925-06-15,1731,1925,6,1722.0,1730.0,1729.0
1925-07-15,1682,1925,7,1731.0,1722.0,1730.0
1925-08-15,1684,1925,8,1682.0,1731.0,1722.0
1925-09-15,1719,1925,9,1684.0,1682.0,1731.0
1925-10-15,1670,1925,10,1719.0,1684.0,1682.0
1925-11-15,1664,1925,11,1670.0,1719.0,1684.0
1925-12-15,1601,1925,12,1664.0,1670.0,1719.0
1926-01-15,1935,1926,1,1601.0,1664.0,1670.0
1926-02-15,1960,1926,2,1935.0,1601.0,1664.0
1926-03-15,1964,1926,3,1960.0,1935.0,1601.0
1926-04-15,2012,1926,4,1964.0,1960.0,1935.0
1926-05-15,2027,1926,5,2012.0,1964.0,1960.0
1926-06-15,2060,1926,6,2027.0,2012.0,1964.0
1926-07-15,2102,1926,7,2060.0,2027.0,2012.0
1926-08-15,2162,1926,8,2102.0,2060.0,2027.0
1926-09-15,2193,1926,9,2162.0,2102.0,2060.0
1926-10-15,2247,1926,10,2193.0,2162.0,2102.0
1926-11-15,2330,1926,11,2247.0,2193.0,2162.0
1926-12-15,2343,1926,12,2330.0,2247.0,2193.0
1927-01-15,2315,1927,1,2343.0,2330.0,2247.0
1927-02-15,2433,1927,2,2315.0,2343.0,2330.0
1927-03-15,2436,1927,3,2433.0,2315.0,2343.0
1927-04-15,2438,1927,4,2436.0,2433.0,2315.0
1927-05-15,2479,1927,5,2438.0,2436.0,2433.0
1927-06-15,2510,1927,6,2479.0,2438.0,2436.0
1927-07-15,2541,1927,7,2510.0,2479.0,2438.0
1927-08-15,2542,1927,8,2541.0,2510.0,2479.0
1927-09-15,2530,1927,9,2542.0,2541.0,2510.0
1927-10-15,2501,1927,10,2530.0,2542.0,2541.0
1927-11-15,2483,1927,11,2501.0,2530.0,2542.0
1927-12-15,2418,1927,12,2483.0,2501.0,2530.0
1928-01-15,2348,1928,1,2418.0,2483.0,2501.0
1928-02-15,2364,1928,2,2348.0,2418.0,2483.0
1928-03-15,2404,1928,3,2364.0,2348.0,2418.0
1928-04-15,2413,1928,4,2404.0,2364.0,2348.0
1928-05-15,2428,1928,5,2413.0,2404.0,2364.0
1928-06-15,2423,1928,6,2428.0,2413.0,2404.0
1928-07-15,2438,1928,7,2423.0,2428.0,2413.0
1928-08-15,2510,1928,8,2438.0,2423.0,2428.0
1928-09-15,2549,1928,9,2510.0,2438.0,2423.0
1928-10-15,2573,1928,10,2549.0,2510.0,2438.0
1928-11-15,2537,1928,11,2573.0,2549.0,2510.0
1928-12-15,2564,1928,12,2537.0,2573.0,2549.0
1929-01-15,2647,1929,1,2564.0,2537.0,2573.0
1929-02-15,2695,1929,2,2647.0,2564.0,2537.0
1929-03-15,2660,1929,3,2695.0,2647.0,2564.0
1929-04-15,2680,1929,4,2660.0,2695.0,2647.0
1929-05-15,2726,1929,5,2680.0,2660.0,2695.0
1929-06-15,2780,1929,6,2726.0,2680.0,2660.0
1929-07-15,2945,1929,7,2780.0,2726.0,2680.0
1929-08-15,2973,1929,8,2945.0,2780.0,2726.0
1929-09-15,2915,1929,9,2973.0,2945.0,2780.0
1929-10-15,2853,1929,10,2915.0,2973.0,2945.0
1929-11-15,2625,1929,11,2853.0,2915.0,2973.0
1929-12-15,2610,1929,12,2625.0,2853.0,2915.0
1930-01-15,2569,1930,1,2610.0,2625.0,2853.0
1930-02-15,2653,1930,2,2569.0,2610.0,2625.0
1930-03-15,2523,1930,3,2653.0,2569.0,2610.0
1930-04-15,2583,1930,4,2523.0,2653.0,2569.0
1930-05-15,2598,1930,5,2583.0,2523.0,2653.0
1930-06-15,2569,1930,6,2598.0,2583.0,2523.0
1930-07-15,2481,1930,7,2569.0,2598.0,2583.0
1930-08-15,2414,1930,8,2481.0,2569.0,2598.0
1930-09-15,2374,1930,9,2414.0,2481.0,2569.0
1930-10-15,2351,1930,10,2374.0,2414.0,2481.0
1930-11-15,2265,1930,11,2351.0,2374.0,2414.0
1930-12-15,2160,1930,12,2265.0,2351.0,2374.0
1931-01-15,2121,1931,1,2160.0,2265.0,2351.0
1931-02-15,2162,1931,2,2121.0,2160.0,2265.0
1931-03-15,2240,1931,3,2162.0,2121.0,2160.0
1931-04-15,2429,1931,4,2240.0,2162.0,2121.0
1931-05-15,2478,1931,5,2429.0,2240.0,2162.0
1931-06-15,2500,1931,6,2478.0,2429.0,2240.0
1931-07-15,2523,1931,7,2500.0,2478.0,2429.0
1931-08-15,2194,1931,8,2523.0,2500.0,2478.0
1931-09-15,2146,1931,9,2194.0,2523.0,2500.0
1931-10-15,2364,1931,10,2146.0,2194.0,2523.0
1931-11-15,2449,1931,11,2364.0,2146.0,2194.0
1931-12-15,2365,1931,12,2449.0,2364.0,2146.0
1932-01-15,2162,1932,1,2365.0,2449.0,2364.0
1932-02-15,2156,1932,2,2162.0,2365.0,2449.0
1932-03-15,2176,1932,3,2156.0,2162.0,2365.0
1932-04-15,2264,1932,4,2176.0,2156.0,2162.0
1932-05-15,2221,1932,5,2264.0,2176.0,2156.0
1932-06-15,2171,1932,6,2221.0,2264.0,2176.0
1932-07-15,2150,1932,7,2171.0,2221.0,2264.0
1932-08-15,2147,1932,8,2150.0,2171.0,2221.0
1932-09-15,2184,1932,9,2147.0,2150.0,2171.0
1932-10-15,2116,1932,10,2184.0,2147.0,2150.0
1932-11-15,2121,1932,11,2116.0,2184.0,2147.0
1932-12-15,1880,1932,12,2121.0,2116.0,2184.0
1933-01-15,2102,1933,1,1880.0,2121.0,2116.0
1933-02-15,2188,1933,2,2102.0,1880.0,2121.0
1933-03-15,2425,1933,3,2188.0,2102.0,1880.0
1933-04-15,2190,1933,4,2425.0,2188.0,2102.0
1933-05-15,2795,1933,5,2190.0,2425.0,2188.0
1933-06-15,2813,1933,6,2795.0,2190.0,2425.0
1933-07-15,2752,1933,7,2813.0,2795.0,2190.0
1933-08-15,2758,1933,8,2752.0,2813.0,2795.0
1933-09-15,2611,1933,9,2758.0,2752.0,2813.0
1933-10-15,2454,1933,10,2611.0,2758.0,2752.0
1933-11-15,2332,1933,11,2454.0,2611.0,2758.0
1933-12-15,2328,1933,12,2332.0,2454.0,2611.0
1934-01-15,2323,1934,1,2328.0,2332.0,2454.0
1934-02-15,2335,1934,2,2323.0,2328.0,2332.0
1934-03-15,2433,1934,3,2335.0,2323.0,2328.0
1934-04-15,2522,1934,4,2433.0,2335.0,2323.0
1934-05-15,2580,1934,5,2522.0,2433.0,2335.0
1934-06-15,2655,1934,6,2580.0,2522.0,2433.0
1934-07-15,2624,1934,7,2655.0,2580.0,2522.0
1934-08-15,2552,1934,8,2624.0,2655.0,2580.0
1934-09-15,2525,1934,9,2552.0,2624.0,2655.0
1934-10-15,2471,1934,10,2525.0,2552.0,2624.0
1934-11-15,2413,1934,11,2471.0,2525.0,2552.0
1934-12-15,2413,1934,12,2413.0,2471.0,2525.0
1935-01-15,2539,1935,1,2413.0,2413.0,2471.0
1935-02-15,2599,1935,2,2539.0,2413.0,2413.0
1935-03-15,2629,1935,3,2599.0,2539.0,2413.0
1935-04-15,2614,1935,4,2629.0,2599.0,2539.0
1935-05-15,2660,1935,5,2614.0,2629.0,2599.0
1935-06-15,2745,1935,6,2660.0,2614.0,2629.0
1935-07-15,2758,1935,7,2745.0,2660.0,2614.0
1935-08-15,2736,1935,8,2758.0,2745.0,2660.0
1935-09-15,2804,1935,9,2736.0,2758.0,2745.0
1935-10-15,2844,1935,10,2804.0,2736.0,2758.0
1935-11-15,2883,1935,11,2844.0,2804.0,2736.0
1935-12-15,2862,1935,12,2883.0,2844.0,2804.0
1936-01-15,2865,1936,1,2862.0,2883.0,2844.0
1936-02-15,2832,1936,2,2865.0,2862.0,2883.0
1936-03-15,2922,1936,3,2832.0,2865.0,2862.0
1936-04-15,3016,1936,4,2922.0,2832.0,2865.0
1936-05-15,3024,1936,5,3016.0,2922.0,2832.0
1936-06-15,3006,1936,6,3024.0,3016.0,2922.0
1936-07-15,2970,1936,7,3006.0,3024.0,3016.0
1936-08-15,3067,1936,8,2970.0,3006.0,3024.0
1936-09-15,3032,1936,9,3067.0,2970.0,3006.0
1936-10-15,3090,1936,10,3032.0,3067.0,2970.0
1936-11-15,3034,1936,11,3090.0,3032.0,3067.0
1936-12-15,3150,1936,12,3034.0,3090.0,3032.0
1937-01-15,3180,1937,1,3150.0,3034.0,3090.0
1937-02-15,3328,1937,2,3180.0,3150.0,3034.0
1937-03-15,3443,1937,3,3328.0,3180.0,3150.0
1937-04-15,3499,1937,4,3443.0,3328.0,3180.0
1937-05-15,3578,1937,5,3499.0,3443.0,3328.0
1937-06-15,3527,1937,6,3578.0,3499.0,3443.0
1937-07-15,3572,1937,7,3527.0,3578.0,3499.0
1937-08-15,3713,1937,8,3572.0,3527.0,3578.0
1937-09-15,3666,1937,9,3713.0,3572.0,3527.0
1937-10-15,3578,1937,10,3666.0,3713.0,3572.0
1937-11-15,3474,1937,11,3578.0,3666.0,3713.0
1937-12-15,3438,1937,12,3474.0,3578.0,3666.0
1938-01-15,3420,1938,1,3438.0,3474.0,3578.0
1938-02-15,3381,1938,2,3420.0,3438.0,3474.0
1938-03-15,3436,1938,3,3381.0,3420.0,3438.0
1938-04-15,3423,1938,4,3436.0,3381.0,3420.0
1938-05-15,3183,1938,5,3423.0,3436.0,3381.0
1938-06-15,3143,1938,6,3183.0,3423.0,3436.0
1938-07-15,3319,1938,7,3143.0,3183.0,3423.0
1938-08-15,3425,1938,8,3319.0,3143.0,3183.0
1938-09-15,3289,1938,9,3425.0,3319.0,3143.0
1938-10-15,3285,1938,10,3289.0,3425.0,3319.0
1938-11-15,3286,1938,11,3285.0,3289.0,3425.0
1938-12-15,3300,1938,12,3286.0,3285.0,3289.0
1939-01-15,3306,1939,1,3300.0,3286.0,3285.0
1939-02-15,3338,1939,2,3306.0,3300.0,3286.0
1939-03-15,3444,1939,3,3338.0,3306.0,3300.0
1939-04-15,3517,1939,4,3444.0,3338.0,3306.0
1939-05-15,3566,1939,5,3517.0,3444.0,3338.0
1939-06-15,3487,1939,6,3566.0,3517.0,3444.0
1939-07-15,3579,1939,7,3487.0,3566.0,3517.0
1939-08-15,2609,1939,8,3579.0,3487.0,3566.0
1939-09-15,3606,1939,9,2609.0,3579.0,3487.0
1939-10-15,3684,1939,10,3606.0,2609.0,3579.0
1939-11-15,3730,1939,11,3684.0,3606.0,2609.0
1939-12-15,3704,1939,12,3730.0,3684.0,3606.0
1940-01-15,3782,1940,1,3704.0,3730.0,3684.0
1940-02-15,3738,1940,2,3782.0,3704.0,3730.0
1940-03-15,3921,1940,3,3738.0,3782.0,3704.0
1940-04-15,3967,1940,4,3921.0,3738.0,3782.0
1940-05-15,3995,1940,5,3967.0,3921.0,3738.0
1940-06-15,3977,1940,6,3995.0,3967.0,3921.0
1940-07-15,4113,1940,7,3977.0,3995.0,3967.0
1940-08-15,4214,1940,8,4113.0,3977.0,3995.0
1940-09-15,4347,1940,9,4214.0,4113.0,3977.0
1940-10-15,4403,1940,10,4347.0,4214.0,4113.0
1940-11-15,4455,1940,11,4403.0,4347.0,4214.0
1940-12-15,4360,1940,12,4455.0,4403.0,4347.0
1941-01-15,3569,1941,1,4360.0,4455.0,4403.0
1941-02-15,3600,1941,2,3569.0,4360.0,4455.0
1941-03-15,3639,1941,3,3600.0,3569.0,4360.0
1941-04-15,3703,1941,4,3639.0,3600.0,3569.0
1941-05-15,3773,1941,5,3703.0,3639.0,3600.0
1941-06-15,3834,1941,6,3773.0,3703.0,3639.0
1941-07-15,3815,1941,7,3834.0,3773.0,3703.0
1941-08-15,3915,1941,8,3815.0,3834.0,3773.0
1941-09-15,3982,1941,9,3915.0,3815.0,3834.0
1941-10-15,4069,1941,10,3982.0,3915.0,3815.0
1941-11-15,4112,1941,11,4069.0,3982.0,3915.0
1941-12-15,4138,1941,12,4112.0,4069.0,3982.0
1942-01-15,4137,1942,1,4138.0,4112.0,4069.0
1942-02-15,4070,1942,2,4137.0,4138.0,4112.0
1942-03-15,3693,1942,3,4070.0,4137.0,4138.0
1942-04-15,3502,1942,4,3693.0,4070.0,4137.0
1942-05-15,3555,1942,5,3502.0,3693.0,4070.0
1942-06-15,3620,1942,6,3555.0,3502.0,3693.0
1942-07-15,3606,1942,7,3620.0,3555.0,3502.0
1942-08-15,3885,1942,8,3606.0,3620.0,3555.0
1942-09-15,3860,1942,9,3885.0,3606.0,3620.0
1942-10-15,3881,1942,10,3860.0,3885.0,3606.0
1942-11-15,3870,1942,11,3881.0,3860.0,3885.0
1942-12-15,3888,1942,12,3870.0,3881.0,3860.0
1943-01-15,3786,1943,1,3888.0,3870.0,3881.0
1943-02-15,3875,1943,2,3786.0,3888.0,3870.0
1943-03-15,3924,1943,3,3875.0,3786.0,3888.0
1943-04-15,3970,1943,4,3924.0,3875.0,3786.0
1943-05-15,3999,1943,5,3970.0,3924.0,3875.0
1943-06-15,4004,1943,6,3999.0,3970.0,3924.0
1943-07-15,4117,1943,7,4004.0,3999.0,3970.0
1943-08-15,4219,1943,8,4117.0,4004.0,3999.0
1943-09-15,4352,1943,9,4219.0,4117.0,4004.0
1943-10-15,4414,1943,10,4352.0,4219.0,4117.0
1943-11-15,4461,1943,11,4414.0,4352.0,4219.0
1943-12-15,4364,1943,12,4461.0,4414.0,4352.0
1944-01-15,4377,1944,1,4364.0,4461.0,4414.0
1944-02-15,4443,1944,2,4377.0,4364.0,4461.0
1944-03-15,4413,1944,3,4443.0,4377.0,4364.0
1944-04-15,4453,1944,4,4413.0,4443.0,4377.0
1944-05-15,4554,1944,5,4453.0,4413.0,4443.0
1944-06-15,4575,1944,6,4554.0,4453.0,4413.0
1944-07-15,4563,1944,7,4575.0,4554.0,4453.0
1944-08-15,4691,1944,8,4563.0,4575.0,4554.0
1944-09-15,4766,1944,9,4691.0,4563.0,4575.0
1944-10-15,4739,1944,10,4766.0,4691.0,4563.0
1944-11-15,4749,1944,11,4739.0,4766.0,4691.0
1944-12-15,4688,1944,12,4749.0,4739.0,4766.0
1945-01-15,4756,1945,1,4688.0,4749.0,4739.0
1945-02-15,4767,1945,2,4756.0,4688.0,4749.0
1945-03-15,4804,1945,3,4767.0,4756.0,4688.0
1945-04-15,4807,1945,4,4804.0,4767.0,4756.0
1945-05-15,4877,1945,5,4807.0,4804.0,4767.0
1945-06-15,4859,1945,6,4877.0,4807.0,4804.0
1945-07-15,4897,1945,7,4859.0,4877.0,4807.0
1945-08-15,4877,1945,8,4897.0,4859.0,4877.0
1945-09-15,4423,1945,9,4877.0,4897.0,4859.0
1945-10-15,4284,1945,10,4423.0,4877.0,4897.0
1945-11-15,4517,1945,11,4284.0,4423.0,4877.0
1945-12-15,4472,1945,12,4517.0,4284.0,4423.0
1946-01-15,4625,1946,1,4472.0,4517.0,4284.0
1946-02-15,4719,1946,2,4625.0,4472.0,4517.0
1946-03-15,4414,1946,3,4719.0,4625.0,4472.0
1946-04-15,4673,1946,4,4414.0,4719.0,4625.0
1946-05-15,4785,1946,5,4673.0,4414.0,4719.0
1946-06-15,4896,1946,6,4785.0,4673.0,4414.0
1946-07-15,4922,1946,7,4896.0,4785.0,4673.0
1946-08-15,4836,1946,8,4922.0,4896.0,4785.0
1946-09-15,4790,1946,9,4836.0,4922.0,4896.0
1946-10-15,4785,1946,10,4790.0,4836.0,4922.0
1946-11-15,4822,1946,11,4785.0,4790.0,4836.0
1946-12-15,4725,1946,12,4822.0,4785.0,4790.0
1947-01-15,4672,1947,1,4725.0,4822.0,4785.0
1947-02-15,4811,1947,2,4672.0,4725.0,4822.0
1947-03-15,4909,1947,3,4811.0,4672.0,4725.0
1947-04-15,4980,1947,4,4909.0,4811.0,4672.0
1947-05-15,5034,1947,5,4980.0,4909.0,4811.0
1947-06-15,5102,1947,6,5034.0,4980.0,4909.0
1947-07-15,5141,1947,7,5102.0,5034.0,4980.0
1947-08-15,5176,1947,8,5141.0,5102.0,5034.0
1947-09-15,5256,1947,9,5176.0,5141.0,5102.0
1947-10-15,5324,1947,10,5256.0,5176.0,5141.0
1947-11-15,5290,1947,11,5324.0,5256.0,5176.0
1947-12-15,5340,1947,12,5290.0,5324.0,5256.0
1948-01-15,5293,1948,1,5340.0,5290.0,5324.0
1948-02-15,5365,1948,2,5293.0,5340.0,5290.0
1948-03-15,5415,1948,3,5365.0,5293.0,5340.0
1948-04-15,5491,1948,4,5415.0,5365.0,5293.0
1948-05-15,5507,1948,5,5491.0,5415.0,5365.0
1948-06-15,5548,1948,6,5507.0,5491.0,5415.0
1948-07-15,5528,1948,7,5548.0,5507.0,5491.0
1948-08-15,5581,1948,8,5528.0,5548.0,5507.0
1948-09-15,5441,1948,9,5581.0,5528.0,5548.0
1948-10-15,5644,1948,10,5441.0,5581.0,5528.0
1948-11-15,5693,1948,11,5644.0,5441.0,5581.0
1948-12-15,5722,1948,12,5693.0,5644.0,5441.0
1949-01-15,5388,1949,1,5722.0,5693.0,5644.0
1949-02-15,5382,1949,2,5388.0,5722.0,5693.0
1949-03-15,5239,1949,3,5382.0,5388.0,5722.0
1949-04-15,5011,1949,4,5239.0,5382.0,5388.0
1949-05-15,4976,1949,5,5011.0,5239.0,5382.0
1949-06-15,4909,1949,6,4976.0,5011.0,5239.0
1949-07-15,4695,1949,7,4909.0,4976.0,5011.0
1949-08-15,4786,1949,8,4695.0,4909.0,4976.0
1949-09-15,4943,1949,9,4786.0,4695.0,4909.0
1949-10-15,5015,1949,10,4943.0,4786.0,4695.0
1949-11-15,5217,1949,11,5015.0,4943.0,4786.0
1949-12-15,5027,1949,12,5217.0,5015.0,4943.0
1950-01-15,4933,1950,1,5027.0,5217.0,5015.0
1950-02-15,4969,1950,2,4933.0,5027.0,5217.0
1950-03-15,4881,1950,3,4969.0,4933.0,5027.0
1950-04-15,4972,1950,4,4881.0,4969.0,4933.0
1950-05-15,5147,1950,5,4972.0,4881.0,4969.0
1950-06-15,5377,1950,6,5147.0,4972.0,4881.0
1950-07-15,5486,1950,7,5377.0,5147.0,4972.0
1950-08-15,5684,1950,8,5486.0,5377.0,5147.0
1950-09-15,5890,1950,9,5684.0,5486.0,5377.0
1950-10-15,5904,1950,10,5890.0,5684.0,5486.0
1950-11-15,5893,1950,11,5904.0,5890.0,5684.0
1950-12-15,5725,1950,12,5893.0,5904.0,5890.0
1951-01-15,5917,1951,1,5725.0,5893.0,5904.0
1951-02-15,5934,1951,2,5917.0,5725.0,5893.0
1951-03-15,6057,1951,3,5934.0,5917.0,5725.0
1951-04-15,6129,1951,4,6057.0,5934.0,5917.0
1951-05-15,6181,1951,5,6129.0,6057.0,5934.0
1951-06-15,6135,1951,6,6181.0,6129.0,6057.0
1951-07-15,6149,1951,7,6135.0,6181.0,6129.0
1951-08-15,6243,1951,8,6149.0,6135.0,6181.0
1951-09-15,6267,1951,9,6243.0,6149.0,6135.0
1951-10-15,6392,1951,10,6267.0,6243.0,6149.0
1951-11-15,6283,1951,11,6392.0,6267.0,6243.0
1951-12-15,6193,1951,12,6283.0,6392.0,6267.0
1952-01-15,6221,1952,1,6193.0,6283.0,6392.0
1952-02-15,6373,1952,2,6221.0,6193.0,6283.0
1952-03-15,6359,1952,3,6373.0,6221.0,6193.0
1952-04-15,6431,1952,4,6359.0,6373.0,6221.0
1952-05-15,5089,1952,5,6431.0,6359.0,6373.0
1952-06-15,6190,1952,6,5089.0,6431.0,6359.0
1952-07-15,6096,1952,7,6190.0,5089.0,6431.0
1952-08-15,6218,1952,8,6096.0,6190.0,5089.0
1952-09-15,6520,1952,9,6218.0,6096.0,6190.0
1952-10-15,6503,1952,10,6520.0,6218.0,6096.0
1952-11-15,6461,1952,11,6503.0,6520.0,6218.0
1952-12-15,6642,1952,12,6461.0,6503.0,6520.0
1953-01-15,6555,1953,1,6642.0,6461.0,6503.0
1953-02-15,6542,1953,2,6555.0,6642.0,6461.0
1953-03-15,6517,1953,3,6542.0,6555.0,6642.0
1953-04-15,6398,1953,4,6517.0,6542.0,6555.0
1953-05-15,6391,1953,5,6398.0,6517.0,6542.0
1953-06-15,6588,1953,6,6391.0,6398.0,6517.0
1953-07-15,6604,1953,7,6588.0,6391.0,6398.0
1953-08-15,6596,1953,8,6604.0,6588.0,6391.0
1953-09-15,6552,1953,9,6596.0,6604.0,6588.0
1953-10-15,6249,1953,10,6552.0,6596.0,6604.0
1953-11-15,6271,1953,11,6249.0,6552.0,6596.0
1953-12-15,6237,1953,12,6271.0,6249.0,6552.0
1954-01-15,6240,1954,1,6237.0,6271.0,6249.0
1954-02-15,6380,1954,2,6240.0,6237.0,6271.0
1954-03-15,6508,1954,3,6380.0,6240.0,6237.0
1954-04-15,6617,1954,4,6508.0,6380.0,6240.0
1954-05-15,6472,1954,5,6617.0,6508.0,6380.0
1954-06-15,6499,1954,6,6472.0,6617.0,6508.0
1954-07-15,6261,1954,7,6499.0,6472.0,6617.0
1954-08-15,6142,1954,8,6261.0,6499.0,6472.0
1954-09-15,6144,1954,9,6142.0,6261.0,6499.0
1954-10-15,6120,1954,10,6144.0,6142.0,6261.0
1954-11-15,6346,1954,11,6120.0,6144.0,6142.0
1954-12-15,6391,1954,12,6346.0,6120.0,6144.0
1955-01-15,6761,1955,1,6391.0,6346.0,6120.0
1955-02-15,6834,1955,2,6761.0,6391.0,6346.0
1955-03-15,6886,1955,3,6834.0,6761.0,6391.0
1955-04-15,6889,1955,4,6886.0,6834.0,6761.0
1955-05-15,6680,1955,5,6889.0,6886.0,6834.0
1955-06-15,6595,1955,6,6680.0,6889.0,6886.0
1955-07-15,6633,1955,7,6595.0,6680.0,6889.0
1955-08-15,6665,1955,8,6633.0,6595.0,6680.0
1955-09-15,6735,1955,9,6665.0,6633.0,6595.0
1955-10-15,6834,1955,10,6735.0,6665.0,6633.0
1955-11-15,7015,1955,11,6834.0,6735.0,6665.0
1955-12-15,7157,1955,12,7015.0,6834.0,6735.0
1956-01-15,7198,1956,1,7157.0,7015.0,6834.0
1956-02-15,7210,1956,2,7198.0,7157.0,7015.0
1956-03-15,7279,1956,3,7210.0,7198.0,7157.0
1956-04-15,7147,1956,4,7279.0,7210.0,7198.0
1956-05-15,7063,1956,5,7147.0,7279.0,7210.0
1956-06-15,7100,1956,6,7063.0,7147.0,7279.0
1956-07-15,7089,1956,7,7100.0,7063.0,7147.0
1956-08-15,7195,1956,8,7089.0,7100.0,7063.0
1956-09-15,7053,1956,9,7195.0,7089.0,7100.0
1956-10-15,6954,1956,10,7053.0,7195.0,7089.0
1956-11-15,7148,1956,11,6954.0,7053.0,7195.0
1956-12-15,7377,1956,12,7148.0,6954.0,7053.0
1957-01-15,7472,1957,1,7377.0,7148.0,6954.0
1957-02-15,7677,1957,2,7472.0,7377.0,7148.0
1957-03-15,7693,1957,3,7677.0,7472.0,7377.0
1957-04-15,7546,1957,4,7693.0,7677.0,7472.0
1957-05-15,7434,1957,5,7546.0,7693.0,7677.0
1957-06-15,7110,1957,6,7434.0,7546.0,7693.0
1957-07-15,6864,1957,7,7110.0,7434.0,7546.0
1957-08-15,6779,1957,8,6864.0,7110.0,7434.0
1957-09-15,6893,1957,9,6779.0,6864.0,7110.0
1957-10-15,6840,1957,10,6893.0,6779.0,6864.0
1957-11-15,6842,1957,11,6840.0,6893.0,6779.0
1957-12-15,6924,1957,12,6842.0,6840.0,6893.0
1958-01-15,6880,1958,1,6924.0,6842.0,6840.0
1958-02-15,6820,1958,2,6880.0,6924.0,6842.0
1958-03-15,6277,1958,3,6820.0,6880.0,6924.0
1958-04-15,6300,1958,4,6277.0,6820.0,6880.0
1958-05-15,6232,1958,5,6300.0,6277.0,6820.0
1958-06-15,6339,1958,6,6232.0,6300.0,6277.0
1958-07-15,6571,1958,7,6339.0,6232.0,6300.0
1958-08-15,6936,1958,8,6571.0,6339.0,6232.0
1958-09-15,7088,1958,9,6936.0,6571.0,6339.0
1958-10-15,6964,1958,10,7088.0,6936.0,6571.0
1958-11-15,6975,1958,11,6964.0,7088.0,6936.0
1958-12-15,7138,1958,12,6975.0,6964.0,7088.0
1959-01-15,7223,1959,1,7138.0,6975.0,6964.0
1959-02-15,7194,1959,2,7223.0,7138.0,6975.0
1959-03-15,7188,1959,3,7194.0,7223.0,7138.0
1959-04-15,7256,1959,4,7188.0,7194.0,7223.0
1959-05-15,7220,1959,5,7256.0,7188.0,7194.0
1959-06-15,7083,1959,6,7220.0,7256.0,7188.0
1959-07-15,6784,1959,7,7083.0,7220.0,7256.0
1959-08-15,6766,1959,8,6784.0,7083.0,7220.0
1959-09-15,6857,1959,9,6766.0,6784.0,7083.0
1959-10-15,6911,1959,10,6857.0,6766.0,6784.0
1959-11-15,6982,1959,11,6911.0,6857.0,6766.0
1959-12-15,7193,1959,12,6982.0,6911.0,6857.0
1960-01-15,7230,1960,1,7193.0,6982.0,6911.0
1960-02-15,7241,1960,2,7230.0,7193.0,6982.0
1960-03-15,7128,1960,3,7241.0,7230.0,7193.0
1960-04-15,7038,1960,4,7128.0,7241.0,7230.0
1960-05-15,6848,1960,5,7038.0,7128.0,7241.0
1960-06-15,6939,1960,6,6848.0,7038.0,7128.0
1960-07-15,6860,1960,7,6939.0,6848.0,7038.0
1960-08-15,6940,1960,8,6860.0,6939.0,6848.0
1960-09-15,6971,1960,9,6940.0,6860.0,6939.0
1960-10-15,6958,1960,10,6971.0,6940.0,6860.0
1960-11-15,7133,1960,11,6958.0,6971.0,6940.0
1960-12-15,7150,1960,12,7133.0,6958.0,6971.0
1961-01-15,7210,1961,1,7150.0,7133.0,6958.0
1961-02-15,7296,1961,2,7210.0,7150.0,7133.0
1961-03-15,7471,1961,3,7296.0,7210.0,7150.0
1961-04-15,7328,1961,4,7471.0,7296.0,7210.0
1961-05-15,7147,1961,5,7328.0,7471.0,7296.0
1961-06-15,7103,1961,6,7147.0,7328.0,7471.0
1961-07-15,6958,1961,7,7103.0,7147.0,7328.0
1961-08-15,7104,1961,8,6958.0,7103.0,7147.0
1961-09-15,6995,1961,9,7104.0,6958.0,7103.0
1961-10-15,7127,1961,10,6995.0,7104.0,6958.0
1961-11-15,7152,1961,11,7127.0,6995.0,7104.0
1961-12-15,7311,1961,12,7152.0,7127.0,6995.0
1962-01-15,7347,1962,1,7311.0,7152.0,7127.0
1962-02-15,7467,1962,2,7347.0,7311.0,7152.0
1962-03-15,7376,1962,3,7467.0,7347.0,7311.0
1962-04-15,7391,1962,4,7376.0,7467.0,7347.0
1962-05-15,7193,1962,5,7391.0,7376.0,7467.0
1962-06-15,7257,1962,6,7193.0,7391.0,7376.0
1962-07-15,7226,1962,7,7257.0,7193.0,7391.0
1962-08-15,7234,1962,8,7226.0,7257.0,7193.0
1962-09-15,7320,1962,9,7234.0,7226.0,7257.0
1962-10-15,7367,1962,10,7320.0,7234.0,7226.0
1962-11-15,7441,1962,11,7367.0,7320.0,7234.0
1962-12-15,7381,1962,12,7441.0,7367.0,7320.0
1963-01-15,7304,1963,1,7381.0,7441.0,7367.0
1963-02-15,7587,1963,2,7304.0,7381.0,7441.0
1963-03-15,7558,1963,3,7587.0,7304.0,7381.0
1963-04-15,7609,1963,4,7558.0,7587.0,7304.0
1963-05-15,7564,1963,5,7609.0,7558.0,7587.0
1963-06-15,7562,1963,6,7564.0,7609.0,7558.0
1963-07-15,7585,1963,7,7562.0,7564.0,7609.0
1963-08-15,7640,1963,8,7585.0,7562.0,7564.0
1963-09-15,7507,1963,9,7640.0,7585.0,7562.0
1963-10-15,7536,1963,10,7507.0,7640.0,7585.0
1963-11-15,7544,1963,11,7536.0,7507.0,7640.0
1963-12-15,7511,1963,12,7544.0,7536.0,7507.0
1964-01-15,7624,1964,1,7511.0,7544.0,7536.0
1964-02-15,7688,1964,2,7624.0,7511.0,7544.0
1964-03-15,7712,1964,3,7688.0,7624.0,7511.0
1964-04-15,7739,1964,4,7712.0,7688.0,7624.0
1964-05-15,7572,1964,5,7739.0,7712.0,7688.0
1964-06-15,7560,1964,6,7572.0,7739.0,7712.0
1964-07-15,7473,1964,7,7560.0,7572.0,7739.0
1964-08-15,7449,1964,8,7473.0,7560.0,7572.0
1964-09-15,7532,1964,9,7449.0,7473.0,7560.0
1964-10-15,7623,1964,10,7532.0,7449.0,7473.0
1964-11-15,7634,1964,11,7623.0,7532.0,7449.0
1964-12-15,7770,1964,12,7634.0,7623.0,7532.0
1965-01-15,7773,1965,1,7770.0,7634.0,7623.0
1965-02-15,7808,1965,2,7773.0,7770.0,7634.0
1965-03-15,7863,1965,3,7808.0,7773.0,7770.0
1965-04-15,7895,1965,4,7863.0,7808.0,7773.0
1965-05-15,7686,1965,5,7895.0,7863.0,7808.0
1965-06-15,7748,1965,6,7686.0,7895.0,7863.0
1965-07-15,7665,1965,7,7748.0,7686.0,7895.0
1965-08-15,7748,1965,8,7665.0,7748.0,7686.0
1965-09-15,7418,1965,9,7748.0,7665.0,7748.0
1965-10-15,7875,1965,10,7418.0,7748.0,7665.0
1965-11-15,7988,1965,11,7875.0,7418.0,7748.0
1965-12-15,8180,1965,12,7988.0,7875.0,7418.0
1966-01-15,8047,1966,1,8180.0,7988.0,7875.0
1966-02-15,8240,1966,2,8047.0,8180.0,7988.0
1966-03-15,8294,1966,3,8240.0,8047.0,8180.0
1966-04-15,8272,1966,4,8294.0,8240.0,8047.0
1966-05-15,8344,1966,5,8272.0,8294.0,8240.0
1966-06-15,8346,1966,6,8344.0,8272.0,8294.0
1966-07-15,8230,1966,7,8346.0,8344.0,8272.0
1966-08-15,8252,1966,8,8230.0,8346.0,8344.0
1966-09-15,8254,1966,9,8252.0,8230.0,8346.0
1966-10-15,8323,1966,10,8254.0,8252.0,8230.0
1966-11-15,8427,1966,11,8323.0,8254.0,8252.0
1966-12-15,8511,1966,12,8427.0,8323.0,8254.0
1967-01-15,8567,1967,1,8511.0,8427.0,8323.0
1967-02-15,8620,1967,2,8567.0,8511.0,8427.0
1967-03-15,8544,1967,3,8620.0,8567.0,8511.0
1967-04-15,8475,1967,4,8544.0,8620.0,8567.0
1967-05-15,8385,1967,5,8475.0,8544.0,8620.0
1967-06-15,8539,1967,6,8385.0,8475.0,8544.0
1967-07-15,9154,1967,7,8539.0,8385.0,8475.0
1967-08-15,9435,1967,8,9154.0,8539.0,8385.0
1967-09-15,9095,1967,9,9435.0,9154.0,8539.0
1967-10-15,9000,1967,10,9095.0,9435.0,9154.0
1967-11-15,8978,1967,11,9000.0,9095.0,9435.0
1967-12-15,8908,1967,12,8978.0,9000.0,9095.0
1968-01-15,9028,1968,1,8908.0,8978.0,9000.0
1968-02-15,9325,1968,2,9028.0,8908.0,8978.0
1968-03-15,9319,1968,3,9325.0,9028.0,8908.0
1968-04-15,9123,1968,4,9319.0,9325.0,9028.0
1968-05-15,9205,1968,5,9123.0,9319.0,9325.0
1968-06-15,9144,1968,6,9205.0,9123.0,9319.0
1968-07-15,9156,1968,7,9144.0,9205.0,9123.0
1968-08-15,9134,1968,8,9156.0,9144.0,9205.0
1968-09-15,8932,1968,9,9134.0,9156.0,9144.0
1968-10-15,8916,1968,10,8932.0,9134.0,9156.0
1968-11-15,8969,1968,11,8916.0,8932.0,9134.0
1968-12-15,8906,1968,12,8969.0,8916.0,8932.0
1969-01-15,8888,1969,1,8906.0,8969.0,8916.0
1969-02-15,8928,1969,2,8888.0,8906.0,8969.0
1969-03-15,9055,1969,3,8928.0,8888.0,8906.0
1969-04-15,9238,1969,4,9055.0,8928.0,8888.0
1969-05-15,9356,1969,5,9238.0,9055.0,8928.0
1969-06-15,9631,1969,6,9356.0,9238.0,9055.0
1969-07-15,9295,1969,7,9631.0,9356.0,9238.0
1969-08-15,9067,1969,8,9295.0,9631.0,9356.0
1969-09-15,9295,1969,9,9067.0,9295.0,9631.0
1969-10-15,9213,1969,10,9295.0,9067.0,9295.0
1969-11-15,9346,1969,11,9213.0,9295.0,9067.0
1969-12-15,9528,1969,12,9346.0,9213.0,9295.0
1970-01-15,9478,1970,1,9528.0,9346.0,9213.0
1970-02-15,9570,1970,2,9478.0,9528.0,9346.0
1970-03-15,9508,1970,3,9570.0,9478.0,9528.0
1970-04-15,9591,1970,4,9508.0,9570.0,9478.0
1970-05-15,9523,1970,5,9591.0,9508.0,9570.0
1970-06-15,9359,1970,6,9523.0,9591.0,9508.0
1970-07-15,9202,1970,7,9359.0,9523.0,9591.0
1970-08-15,9560,1970,8,9202.0,9359.0,9523.0
1970-09-15,9853,1970,9,9560.0,9202.0,9359.0
1970-10-15,10013,1970,10,9853.0,9560.0,9202.0
1970-11-15,10044,1970,11,10013.0,9853.0,9560.0
1970-12-15,9944,1970,12,10044.0,10013.0,9853.0
1971-01-15,9655,1971,1,9944.0,10044.0,10013.0
1971-02-15,9729,1971,2,9655.0,9944.0,10044.0
1971-03-15,9768,1971,3,9729.0,9655.0,9944.0
1971-04-15,9769,1971,4,9768.0,9729.0,9655.0
1971-05-15,9645,1971,5,9769.0,9768.0,9729.0
1971-06-15,9604,1971,6,9645.0,9769.0,9768.0
1971-07-15,9456,1971,7,9604.0,9645.0,9769.0
1971-08-15,9411,1971,8,9456.0,9604.0,9645.0
1971-09-15,9135,1971,9,9411.0,9456.0,9604.0
1971-10-15,9162,1971,10,9135.0,9411.0,9456.0
1971-11-15,9139,1971,11,9162.0,9135.0,9411.0
1971-12-15,9100,1971,12,9139.0,9162.0,9135.0
1972-01-15,9114,1972,1,9100.0,9139.0,9162.0
1972-02-15,9336,1972,2,9114.0,9100.0,9139.0
1972-03-15,9462,1972,3,9336.0,9114.0,9100.0
1972-04-15,9513,1972,4,9462.0,9336.0,9114.0
1972-05-15,9614,1972,5,9513.0,9462.0,9336.0
1972-06-15,9522,1972,6,9614.0,9513.0,9462.0
1972-07-15,9496,1972,7,9522.0,9614.0,9513.0
1972-08-15,9483,1972,8,9496.0,9522.0,9614.0
1972-09-15,9508,1972,9,9483.0,9496.0,9522.0
1972-10-15,9482,1972,10,9508.0,9483.0,9496.0
1972-11-15,9426,1972,11,9482.0,9508.0,9483.0
1972-12-15,9335,1972,12,9426.0,9482.0,9508.0
1973-01-15,9176,1973,1,9335.0,9426.0,9482.0
1973-02-15,9395,1973,2,9176.0,9335.0,9426.0
1973-03-15,9272,1973,3,9395.0,9176.0,9335.0
1973-04-15,9292,1973,4,9272.0,9395.0,9176.0
1973-05-15,9262,1973,5,9292.0,9272.0,9395.0
1973-06-15,9214,1973,6,9262.0,9292.0,9272.0
1973-07-15,9217,1973,7,9214.0,9262.0,9292.0
1973-08-15,9169,1973,8,9217.0,9214.0,9262.0
1973-09-15,9065,1973,9,9169.0,9217.0,9214.0
1973-10-15,9224,1973,10,9065.0,9169.0,9217.0
1973-11-15,9161,1973,11,9224.0,9065.0,9169.0
1973-12-15,9063,1973,12,9161.0,9224.0,9065.0
1974-01-15,8934,1974,1,9063.0,9161.0,9224.0
1974-02-15,9142,1974,2,8934.0,9063.0,9161.0
1974-03-15,8965,1974,3,9142.0,8934.0,9063.0
1974-04-15,8954,1974,4,8965.0,9142.0,8934.0
1974-05-15,8911,1974,5,8954.0,8965.0,9142.0
1974-06-15,8780,1974,6,8911.0,8954.0,8965.0
1974-07-15,8780,1974,7,8780.0,8911.0,8954.0
1974-08-15,8699,1974,8,8780.0,8780.0,8911.0
1974-09-15,8443,1974,9,8699.0,8780.0,8780.0
1974-10-15,8611,1974,10,8443.0,8699.0,8780.0
1974-11-15,8569,1974,11,8611.0,8443.0,8699.0
1974-12-15,8527,1974,12,8569.0,8611.0,8443.0
1975-01-15,8455,1975,1,8527.0,8569.0,8611.0
1975-02-15,8591,1975,2,8455.0,8527.0,8569.0
1975-03-15,8493,1975,3,8591.0,8455.0,8527.0
1975-04-15,8457,1975,4,8493.0,8591.0,8455.0
1975-05-15,8379,1975,5,8457.0,8493.0,8591.0
1975-06-15,8421,1975,6,8379.0,8457.0,8493.0
1975-07-15,8336,1975,7,8421.0,8379.0,8457.0
1975-08-15,8249,1975,8,8336.0,8421.0,8379.0
1975-09-15,8280,1975,9,8249.0,8336.0,8421.0
1975-10-15,8324,1975,10,8280.0,8249.0,8336.0
1975-11-15,8278,1975,11,8324.0,8280.0,8249.0
1975-12-15,8254,1975,12,8278.0,8324.0,8280.0
1976-01-15,8232,1976,1,8254.0,8278.0,8324.0
1976-02-15,8231,1976,2,8232.0,8254.0,8278.0
1976-03-15,8232,1976,3,8231.0,8232.0,8254.0
1976-04-15,8077,1976,4,8232.0,8231.0,8232.0
1976-05-15,8125,1976,5,8077.0,8232.0,8231.0
1976-06-15,8094,1976,6,8125.0,8077.0,8232.0
1976-07-15,8127,1976,7,8094.0,8125.0,8077.0
1976-08-15,8111,1976,8,8127.0,8094.0,8125.0
1976-09-15,8150,1976,9,8111.0,8127.0,8094.0
1976-10-15,8063,1976,10,8150.0,8111.0,8127.0
1976-11-15,8080,1976,11,8063.0,8150.0,8111.0
1976-12-15,8061,1976,12,8080.0,8063.0,8150.0
1977-01-15,7854,1977,1,8061.0,8080.0,8063.0
1977-02-15,8139,1977,2,7854.0,8061.0,8080.0
1977-03-15,8090,1977,3,8139.0,7854.0,8061.0
1977-04-15,8145,1977,4,8090.0,8139.0,7854.0
1977-05-15,8075,1977,5,8145.0,8090.0,8139.0
1977-06-15,8102,1977,6,8075.0,8145.0,8090.0
1977-07-15,8105,1977,7,8102.0,8075.0,8145.0
1977-08-15,8307,1977,8,8105.0,8102.0,8075.0
1977-09-15,8480,1977,9,8307.0,8105.0,8102.0
1977-10-15,8573,1977,10,8480.0,8307.0,8105.0
1977-11-15,8579,1977,11,8573.0,8480.0,8307.0
1977-12-15,8487,1977,12,8579.0,8573.0,8480.0
1978-01-15,8360,1978,1,8487.0,8579.0,8573.0
1978-02-15,8377,1978,2,8360.0,8487.0,8579.0
1978-03-15,8720,1978,3,8377.0,8360.0,8487.0
1978-04-15,8818,1978,4,8720.0,8377.0,8360.0
1978-05-15,8825,1978,5,8818.0,8720.0,8377.0
1978-06-15,8832,1978,6,8825.0,8818.0,8720.0
1978-07-15,8756,1978,7,8832.0,8825.0,8818.0
1978-08-15,8758,1978,8,8756.0,8832.0,8825.0
1978-09-15,8800,1978,9,8758.0,8756.0,8832.0
1978-10-15,8820,1978,10,8800.0,8758.0,8756.0
1978-11-15,8741,1978,11,8820.0,8800.0,8758.0
1978-12-15,8662,1978,12,8741.0,8820.0,8800.0
1979-01-15,8475,1979,1,8662.0,8741.0,8820.0
1979-02-15,8525,1979,2,8475.0,8662.0,8741.0
1979-03-15,8601,1979,3,8525.0,8475.0,8662.0
1979-04-15,8553,1979,4,8601.0,8525.0,8475.0
1979-05-15,8601,1979,5,8553.0,8601.0,8525.0
1979-06-15,8432,1979,6,8601.0,8553.0,8601.0
1979-07-15,8364,1979,7,8432.0,8601.0,8553.0
1979-08-15,8548,1979,8,8364.0,8432.0,8601.0
1979-09-15,8523,1979,9,8548.0,8364.0,8432.0
1979-10-15,8621,1979,10,8523.0,8548.0,8364.0
1979-11-15,8761,1979,11,8621.0,8523.0,8548.0
1979-12-15,8615,1979,12,8761.0,8621.0,8523.0
1980-01-15,8675,1980,1,8615.0,8761.0,8621.0
1980-02-15,8705,1980,2,8675.0,8615.0,8761.0
1980-03-15,8698,1980,3,8705.0,8675.0,8615.0
1980-04-15,8685,1980,4,8698.0,8705.0,8675.0
1980-05-15,8635,1980,5,8685.0,8698.0,8705.0
1980-06-15,8554,1980,6,8635.0,8685.0,8698.0
1980-07-15,8547,1980,7,8554.0,8635.0,8685.0
1980-08-15,8414,1980,8,8547.0,8554.0,8635.0
1980-09-15,8619,1980,9,8414.0,8547.0,8554.0
1980-10-15,8532,1980,10,8619.0,8414.0,8547.0
1980-11-15,8495,1980,11,8532.0,8619.0,8414.0
1980-12-15,8606,1980,12,8495.0,8532.0,8619.0
1981-01-15,8540,1981,1,8606.0,8495.0,8532.0
1981-02-15,8604,1981,2,8540.0,8606.0,8495.0
1981-03-15,8613,1981,3,8604.0,8540.0,8606.0
1981-04-15,8557,1981,4,8613.0,8604.0,8540.0
1981-05-15,8501,1981,5,8557.0,8613.0,8604.0
1981-06-15,8629,1981,6,8501.0,8557.0,8613.0
1981-07-15,8500,1981,7,8629.0,8501.0,8557.0
1981-08-15,8583,1981,8,8500.0,8629.0,8501.0
1981-09-15,8604,1981,9,8583.0,8500.0,8629.0
1981-10-15,8563,1981,10,8604.0,8583.0,8500.0
1981-11-15,8586,1981,11,8563.0,8604.0,8583.0
1981-12-15,8585,1981,12,8586.0,8563.0,8604.0
1982-01-15,8509,1982,1,8585.0,8586.0,8563.0
1982-02-15,8702,1982,2,8509.0,8585.0,8586.0
1982-03-15,8667,1982,3,8702.0,8509.0,8585.0
1982-04-15,8591,1982,4,8667.0,8702.0,8509.0
1982-05-15,8683,1982,5,8591.0,8667.0,8702.0
1982-06-15,8646,1982,6,8683.0,8591.0,8667.0
1982-07-15,8658,1982,7,8646.0,8683.0,8591.0
1982-08-15,8634,1982,8,8658.0,8646.0,8683.0
1982-09-15,8701,1982,9,8634.0,8658.0,8646.0
1982-10-15,8701,1982,10,8701.0,8634.0,8658.0
1982-11-15,8697,1982,11,8701.0,8701.0,8634.0
1982-12-15,8598,1982,12,8697.0,8701.0,8701.0
1983-01-15,8697,1983,1,8598.0,8697.0,8701.0
1983-02-15,8758,1983,2,8697.0,8598.0,8697.0
1983-03-15,8700,1983,3,8758.0,8697.0,8598.0
1983-04-15,8776,1983,4,8700.0,8758.0,8697.0
1983-05-15,8631,1983,5,8776.0,8700.0,8758.0
1983-06-15,8667,1983,6,8631.0,8776.0,8700.0
1983-07-15,8636,1983,7,8667.0,8631.0,8776.0
1983-08-15,8679,1983,8,8636.0,8667.0,8631.0
1983-09-15,8784,1983,9,8679.0,8636.0,8667.0
1983-10-15,8771,1983,10,8784.0,8679.0,8636.0
1983-11-15,8770,1983,11,8771.0,8784.0,8679.0
1983-12-15,8397,1983,12,8770.0,8771.0,8784.0
1984-01-15,8868,1984,1,8397.0,8770.0,8771.0
1984-02-15,8874,1984,2,8868.0,8397.0,8770.0
1984-03-15,8672,1984,3,8874.0,8868.0,8397.0
1984-04-15,8862,1984,4,8672.0,8874.0,8868.0
1984-05-15,8955,1984,5,8862.0,8672.0,8874.0
1984-06-15,8852,1984,6,8955.0,8862.0,8672.0
1984-07-15,8885,1984,7,8852.0,8955.0,8862.0
1984-08-15,8809,1984,8,8885.0,8852.0,8955.0
1984-09-15,8993,1984,9,8809.0,8885.0,8852.0
1984-10-15,8906,1984,10,8993.0,8809.0,8885.0
1984-11-15,8979,1984,11,8906.0,8993.0,8809.0
1984-12-15,8897,1984,12,8979.0,8906.0,8993.0
1985-01-15,8740,1985,1,8897.0,8979.0,8906.0
1985-02-15,9025,1985,2,8740.0,8897.0,8979.0
1985-03-15,9095,1985,3,9025.0,8740.0,8897.0
1985-04-15,9043,1985,4,9095.0,9025.0,8740.0
1985-05-15,9132,1985,5,9043.0,9095.0,9025.0
1985-06-15,9022,1985,6,9132.0,9043.0,9095.0
1985-07-15,8949,1985,7,9022.0,9132.0,9043.0
1985-08-15,8803,1985,8,8949.0,9022.0,9132.0
1985-09-15,8954,1985,9,8803.0,8949.0,9022.0
1985-10-15,8970,1985,10,8954.0,8803.0,8949.0
1985-11-15,8902,1985,11,8970.0,8954.0,8803.0
1985-12-15,9030,1985,12,8902.0,8970.0,8954.0
1986-01-15,9137,1986,1,9030.0,8902.0,8970.0
1986-02-15,9173,1986,2,9137.0,9030.0,8902.0
1986-03-15,9013,1986,3,9173.0,9137.0,9030.0
1986-04-15,8864,1986,4,9013.0,9173.0,9137.0
1986-05-15,8838,1986,5,8864.0,9013.0,9173.0
1986-06-15,8623,1986,6,8838.0,8864.0,9013.0
1986-07-15,8660,1986,7,8623.0,8838.0,8864.0
1986-08-15,8374,1986,8,8660.0,8623.0,8838.0
1986-09-15,8328,1986,9,8374.0,8660.0,8623.0
1986-10-15,8419,1986,10,8328.0,8374.0,8660.0
1986-11-15,8412,1986,11,8419.0,8328.0,8374.0
1986-12-15,8352,1986,12,8412.0,8419.0,8328.0
1987-01-15,8480,1987,1,8352.0,8412.0,8419.0
1987-02-15,8389,1987,2,8480.0,8352.0,8412.0
1987-03-15,8464,1987,3,8389.0,8480.0,8352.0
1987-04-15,8498,1987,4,8464.0,8389.0,8480.0
1987-05-15,8336,1987,5,8498.0,8464.0,8389.0
1987-06-15,8279,1987,6,8336.0,8498.0,8464.0
1987-07-15,8251,1987,7,8279.0,8336.0,8498.0
1987-08-15,8210,1987,8,8251.0,8279.0,8336.0
1987-09-15,8205,1987,9,8210.0,8251.0,8279.0
1987-10-15,8364,1987,10,8205.0,8210.0,8251.0
1987-11-15,8397,1987,11,8364.0,8205.0,8210.0
1987-12-15,8318,1987,12,8397.0,8364.0,8205.0
1988-01-15,8250,1988,1,8318.0,8397.0,8364.0
1988-02-15,8374,1988,2,8250.0,8318.0,8397.0
1988-03-15,8374,1988,3,8374.0,8250.0,8318.0
1988-04-15,8288,1988,4,8374.0,8374.0,8250.0
1988-05-15,8229,1988,5,8288.0,8374.0,8374.0
1988-06-15,8170,1988,6,8229.0,8288.0,8374.0
1988-07-15,8040,1988,7,8170.0,8229.0,8288.0
1988-08-15,8079,1988,8,8040.0,8170.0,8229.0
1988-09-15,7895,1988,9,8079.0,8040.0,8170.0
1988-10-15,8023,1988,10,7895.0,8079.0,8040.0
1988-11-15,8023,1988,11,8023.0,7895.0,8079.0
1988-12-15,7942,1988,12,8023.0,8023.0,7895.0
1989-01-15,7937,1989,1,7942.0,8023.0,8023.0
1989-02-15,7788,1989,2,7937.0,7942.0,8023.0
1989-03-15,7575,1989,3,7788.0,7937.0,7942.0
1989-04-15,7772,1989,4,7575.0,7788.0,7937.0
1989-05-15,7816,1989,5,7772.0,7575.0,7788.0
1989-06-15,7624,1989,6,7816.0,7772.0,7575.0
1989-07-15,7444,1989,7,7624.0,7816.0,7772.0
1989-08-15,7544,1989,8,7444.0,7624.0,7816.0
1989-09-15,7548,1989,9,7544.0,7444.0,7624.0
1989-10-15,7453,1989,10,7548.0,7544.0,7444.0
1989-11-15,7536,1989,11,7453.0,7548.0,7544.0
1989-12-15,7337,1989,12,7536.0,7453.0,7548.0
1990-01-15,7546,1990,1,7337.0,7536.0,7453.0
1990-02-15,7497,1990,2,7546.0,7337.0,7536.0
1990-03-15,7433,1990,3,7497.0,7546.0,7337.0
1990-04-15,7407,1990,4,7433.0,7497.0,7546.0
1990-05-15,7328,1990,5,7407.0,7433.0,7497.0
1990-06-15,7106,1990,6,7328.0,7407.0,7433.0
1990-07-15,7173,1990,7,7106.0,7328.0,7407.0
1990-08-15,7287,1990,8,7173.0,7106.0,7328.0
1990-09-15,7224,1990,9,7287.0,7173.0,7106.0
1990-10-15,7542,1990,10,7224.0,7287.0,7173.0
1990-11-15,7387,1990,11,7542.0,7224.0,7287.0
1990-12-15,7338,1990,12,7387.0,7542.0,7224.0
1991-01-15,7500,1991,1,7338.0,7387.0,7542.0
1991-02-15,7637,1991,2,7500.0,7338.0,7387.0
1991-03-15,7546,1991,3,7637.0,7500.0,7338.0
1991-04-15,7509,1991,4,7546.0,7637.0,7500.0
1991-05-15,7409,1991,5,7509.0,7546.0,7637.0
1991-06-15,7320,1991,6,7409.0,7509.0,7546.0
1991-07-15,7347,1991,7,7320.0,7409.0,7509.0
1991-08-15,7316,1991,8,7347.0,7320.0,7409.0
1991-09-15,7368,1991,9,7316.0,7347.0,7320.0
1991-10-15,7437,1991,10,7368.0,7316.0,7347.0
1991-11-15,7328,1991,11,7437.0,7368.0,7316.0
1991-12-15,7299,1991,12,7328.0,7437.0,7368.0
1992-01-15,7361,1992,1,7299.0,7328.0,7437.0
1992-02-15,7389,1992,2,7361.0,7299.0,7328.0
1992-03-15,7348,1992,3,7389.0,7361.0,7299.0
1992-04-15,7293,1992,4,7348.0,7389.0,7361.0
1992-05-15,7169,1992,5,7293.0,7348.0,7389.0
1992-06-15,7167,1992,6,7169.0,7293.0,7348.0
1992-07-15,7131,1992,7,7167.0,7169.0,7293.0
1992-08-15,6922,1992,8,7131.0,7167.0,7169.0
1992-09-15,7030,1992,9,6922.0,7131.0,7167.0
1992-10-15,7126,1992,10,7030.0,6922.0,7131.0
1992-11-15,7024,1992,11,7126.0,7030.0,6922.0
1992-12-15,7103,1992,12,7024.0,7126.0,7030.0
1993-01-15,6961,1993,1,7103.0,7024.0,7126.0
1993-02-15,6943,1993,2,6961.0,7103.0,7024.0
1993-03-15,6974,1993,3,6943.0,6961.0,7103.0
1993-04-15,6881,1993,4,6974.0,6943.0,6961.0
1993-05-15,6847,1993,5,6881.0,6974.0,6943.0
1993-06-15,6795,1993,6,6847.0,6881.0,6974.0
1993-07-15,6688,1993,7,6795.0,6847.0,6881.0
1993-08-15,6758,1993,8,6688.0,6795.0,6847.0
1993-09-15,6712,1993,9,6758.0,6688.0,6795.0
1993-10-15,6839,1993,10,6712.0,6758.0,6688.0
1993-11-15,6912,1993,11,6839.0,6712.0,6758.0
1993-12-15,6858,1993,12,6912.0,6839.0,6712.0
1994-01-15,6817,1994,1,6858.0,6912.0,6839.0
1994-02-15,6770,1994,2,6817.0,6858.0,6912.0
1994-03-15,6746,1994,3,6770.0,6817.0,6858.0
1994-04-15,6612,1994,4,6746.0,6770.0,6817.0
1994-05-15,6688,1994,5,6612.0,6746.0,6770.0
1994-06-15,6611,1994,6,6688.0,6612.0,6746.0
1994-07-15,6501,1994,7,6611.0,6688.0,6612.0
1994-08-15,6544,1994,8,6501.0,6611.0,6688.0
1994-09-15,6609,1994,9,6544.0,6501.0,6611.0
1994-10-15,6658,1994,10,6609.0,6544.0,6501.0
1994-11-15,6628,1994,11,6658.0,6609.0,6544.0
1994-12-15,6760,1994,12,6628.0,6658.0,6609.0
1995-01-15,6682,1995,1,6760.0,6628.0,6658.0
1995-02-15,6794,1995,2,6682.0,6760.0,6628.0
1995-03-15,6600,1995,3,6794.0,6682.0,6760.0
1995-04-15,6604,1995,4,6600.0,6794.0,6682.0
1995-05-15,6629,1995,5,6604.0,6600.0,6794.0
1995-06-15,6579,1995,6,6629.0,6604.0,6600.0
1995-07-15,6449,1995,7,6579.0,6629.0,6604.0
1995-08-15,6447,1995,8,6449.0,6579.0,6629.0
1995-09-15,6416,1995,9,6447.0,6449.0,6579.0
1995-10-15,6421,1995,10,6416.0,6447.0,6449.0
1995-11-15,6585,1995,11,6421.0,6416.0,6447.0
1995-12-15,6530,1995,12,6585.0,6421.0,6416.0
1996-01-15,6495,1996,1,6530.0,6585.0,6421.0
1996-02-15,6577,1996,2,6495.0,6530.0,6585.0
1996-03-15,6571,1996,3,6577.0,6495.0,6530.0
1996-04-15,6444,1996,4,6571.0,6577.0,6495.0
1996-05-15,6394,1996,5,6444.0,6571.0,6577.0
1996-06-15,6458,1996,6,6394.0,6444.0,6571.0
1996-07-15,6338,1996,7,6458.0,6394.0,6444.0
1996-08-15,6360,1996,8,6338.0,6458.0,6394.0
1996-09-15,6482,1996,9,6360.0,6338.0,6458.0
1996-10-15,6481,1996,10,6482.0,6360.0,6338.0
1996-11-15,6476,1996,11,6481.0,6482.0,6360.0
1996-12-15,6506,1996,12,6476.0,6481.0,6482.0
1997-01-15,6402,1997,1,6506.0,6476.0,6481.0
1997-02-15,6514,1997,2,6402.0,6506.0,6476.0
1997-03-15,6452,1997,3,6514.0,6402.0,6506.0
1997-04-15,6441,1997,4,6452.0,6514.0,6402.0
1997-05-15,6474,1997,5,6441.0,6452.0,6514.0
1997-06-15,6442,1997,6,6474.0,6441.0,6452.0
1997-07-15,6409,1997,7,6442.0,6474.0,6441.0
1997-08-15,6347,1997,8,6409.0,6442.0,6474.0
1997-09-15,6486,1997,9,6347.0,6409.0,6442.0
1997-10-15,6467,1997,10,6486.0,6347.0,6409.0
1997-11-15,6459,1997,11,6467.0,6486.0,6347.0
1997-12-15,6531,1997,12,6459.0,6467.0,6486.0
1998-01-15,6541,1998,1,6531.0,6459.0,6467.0
1998-02-15,6476,1998,2,6541.0,6531.0,6459.0
1998-03-15,6408,1998,3,6476.0,6541.0,6531.0
1998-04-15,6483,1998,4,6408.0,6476.0,6541.0
1998-05-15,6347,1998,5,6483.0,6408.0,6476.0
1998-06-15,6267,1998,6,6347.0,6483.0,6408.0
1998-07-15,6194,1998,7,6267.0,6347.0,6483.0
1998-08-15,6203,1998,8,6194.0,6267.0,6347.0
1998-09-15,5789,1998,9,6203.0,6194.0,6267.0
1998-10-15,6143,1998,10,5789.0,6203.0,6194.0
1998-11-15,6140,1998,11,6143.0,5789.0,6203.0
1998-12-15,6043,1998,12,6140.0,6143.0,5789.0
1999-01-15,5963,1999,1,6043.0,6140.0,6143.0
1999-02-15,5966,1999,2,5963.0,6043.0,6140.0
1999-03-15,5883,1999,3,5966.0,5963.0,6043.0
1999-04-15,5887,1999,4,5883.0,5966.0,5963.0
1999-05-15,5875,1999,5,5887.0,5883.0,5966.0
1999-06-15,5760,1999,6,5875.0,5887.0,5883.0
1999-07-15,5798,1999,7,5760.0,5875.0,5887.0
1999-08-15,5780,1999,8,5798.0,5760.0,5875.0
1999-09-15,5804,1999,9,5780.0,5798.0,5760.0
1999-10-15,5947,1999,10,5804.0,5780.0,5798.0
1999-11-15,5960,1999,11,5947.0,5804.0,5780.0
1999-12-15,5959,1999,12,5960.0,5947.0,5804.0
2000-01-15,5784,2000,1,5959.0,5960.0,5947.0
2000-02-15,5852,2000,2,5784.0,5959.0,5960.0
2000-03-15,5918,2000,3,5852.0,5784.0,5959.0
2000-04-15,5854,2000,4,5918.0,5852.0,5784.0
2000-05-15,5847,2000,5,5854.0,5918.0,5852.0
2000-06-15,5823,2000,6,5847.0,5854.0,5918.0
2000-07-15,5739,2000,7,5823.0,5847.0,5854.0
2000-08-15,5789,2000,8,5739.0,5823.0,5847.0
2000-09-15,5758,2000,9,5789.0,5739.0,5823.0
2000-10-15,5809,2000,10,5758.0,5789.0,5739.0
2000-11-15,5833,2000,11,5809.0,5758.0,5789.0
2000-12-15,5855,2000,12,5833.0,5809.0,5758.0
2001-01-15,5799,2001,1,5855.0,5833.0,5809.0
2001-02-15,5780,2001,2,5799.0,5855.0,5833.0
2001-03-15,5880,2001,3,5780.0,5799.0,5855.0
2001-04-15,5863,2001,4,5880.0,5780.0,5799.0
2001-05-15,5829,2001,5,5863.0,5880.0,5780.0
2001-06-15,5766,2001,6,5829.0,5863.0,5880.0
2001-07-15,5749,2001,7,5766.0,5829.0,5863.0
2001-08-15,5725,2001,8,5749.0,5766.0,5829.0
2001-09-15,5709,2001,9,5725.0,5749.0,5766.0
2001-10-15,5746,2001,10,5709.0,5725.0,5749.0
2001-11-15,5881,2001,11,5746.0,5709.0,5725.0
2001-12-15,5887,2001,12,5881.0,5746.0,5709.0
2002-01-15,5873,2002,1,5887.0,5881.0,5746.0
2002-02-15,5881,2002,2,5873.0,5887.0,5881.0
2002-03-15,5886,2002,3,5881.0,5873.0,5887.0
2002-04-15,5844,2002,4,5886.0,5881.0,5873.0
2002-05-15,5905,2002,5,5844.0,5886.0,5881.0
2002-06-15,5884,2002,6,5905.0,5844.0,5886.0
2002-07-15,5751,2002,7,5884.0,5905.0,5844.0
2002-08-15,5796,2002,8,5751.0,5884.0,5905.0
2002-09-15,5411,2002,9,5796.0,5751.0,5884.0
2002-10-15,5358,2002,10,5411.0,5796.0,5751.0
2002-11-15,5624,2002,11,5358.0,5411.0,5796.0
2002-12-15,5722,2002,12,5624.0,5358.0,5411.0
2003-01-15,5755,2003,1,5722.0,5624.0,5358.0
2003-02-15,5783,2003,2,5755.0,5722.0,5624.0
2003-03-15,5803,2003,3,5783.0,5755.0,5722.0
2003-04-15,5726,2003,4,5803.0,5783.0,5755.0
2003-05-15,5663,2003,5,5726.0,5803.0,5783.0
2003-06-15,5659,2003,6,5663.0,5726.0,5803.0
2003-07-15,5498,2003,7,5659.0,5663.0,5726.0
2003-08-15,5574,2003,8,5498.0,5659.0,5663.0
2003-09-15,5609,2003,9,5574.0,5498.0,5659.0
2003-10-15,5614,2003,10,5609.0,5574.0,5498.0
2003-11-15,5547,2003,11,5614.0,5609.0,5574.0
2003-12-15,5571,2003,12,5547.0,5614.0,5609.0
2004-01-15,5585,2004,1,5571.0,5547.0,5614.0
2004-02-15,5572,2004,2,5585.0,5571.0,5547.0
2004-03-15,5617,2004,3,5572.0,5585.0,5571.0
2004-04-15,5560,2004,4,5617.0,5572.0,5585.0
2004-05-15,5556,2004,5,5560.0,5617.0,5572.0
2004-06-15,5407,2004,6,5556.0,5560.0,5617.0
2004-07-15,5484,2004,7,5407.0,5556.0,5560.0
2004-08-15,5325,2004,8,5484.0,5407.0,5556.0
2004-09-15,5081,2004,9,5325.0,5484.0,5407.0
2004-10-15,5170,2004,10,5081.0,5325.0,5484.0
2004-11-15,5423,2004,11,5170.0,5081.0,5325.0
2004-12-15,5510,2004,12,5423.0,5170.0,5081.0
2005-01-15,5446,2005,1,5510.0,5423.0,5170.0
2005-02-15,5501,2005,2,5446.0,5510.0,5423.0
2005-03-15,5601,2005,3,5501.0,5446.0,5510.0
2005-04-15,5563,2005,4,5601.0,5501.0,5446.0
2005-05-15,5596,2005,5,5563.0,5601.0,5501.0
2005-06-15,5442,2005,6,5596.0,5563.0,5601.0
2005-07-15,5253,2005,7,5442.0,5596.0,5563.0
2005-08-15,5198,2005,8,5253.0,5442.0,5596.0
2005-09-15,4214,2005,9,5198.0,5253.0,5442.0
2005-10-15,4555,2005,10,4214.0,5198.0,5253.0
2005-11-15,4857,2005,11,4555.0,4214.0,5198.0
2005-12-15,4988,2005,12,4857.0,4555.0,4214.0
2006-01-15,5048,2006,1,4988.0,4857.0,4555.0
2006-02-15,5032,2006,2,5048.0,4988.0,4857.0
2006-03-15,5027,2006,3,5032.0,5048.0,4988.0
2006-04-15,5082,2006,4,5027.0,5032.0,5048.0
2006-05-15,5151,2006,5,5082.0,5027.0,5032.0
2006-06-15,5163,2006,6,5151.0,5082.0,5027.0
2006-07-15,5094,2006,7,5163.0,5151.0,5082.0
2006-08-15,5040,2006,8,5094.0,5163.0,5151.0
2006-09-15,5031,2006,9,5040.0,5094.0,5163.0
2006-10-15,5108,2006,10,5031.0,5040.0,5094.0
2006-11-15,5064,2006,11,5108.0,5031.0,5040.0
2006-12-15,5186,2006,12,5064.0,5108.0,5031.0
2007-01-15,5108,2007,1,5186.0,5064.0,5108.0
2007-02-15,5118,2007,2,5108.0,5186.0,5064.0
2007-03-15,5119,2007,3,5118.0,5108.0,5186.0
2007-04-15,5180,2007,4,5119.0,5118.0,5108.0
2007-05-15,5211,2007,5,5180.0,5119.0,5118.0
2007-06-15,5075,2007,6,5211.0,5180.0,5119.0
2007-07-15,5038,2007,7,5075.0,5211.0,5180.0
2007-08-15,4970,2007,8,5038.0,5075.0,5211.0
2007-09-15,4902,2007,9,4970.0,5038.0,5075.0
2007-10-15,5022,2007,10,4902.0,4970.0,5038.0
2007-11-15,5034,2007,11,5022.0,4902.0,4970.0
2007-12-15,5111,2007,12,5034.0,5022.0,4902.0
2008-01-15,5115,2008,1,5111.0,5034.0,5022.0
2008-02-15,5148,2008,2,5115.0,5111.0,5034.0
2008-03-15,5189,2008,3,5148.0,5115.0,5111.0
2008-04-15,5180,2008,4,5189.0,5148.0,5115.0
2008-05-15,5143,2008,5,5180.0,5189.0,5148.0
2008-06-15,5138,2008,6,5143.0,5180.0,5189.0
2008-07-15,5177,2008,7,5138.0,5143.0,5180.0
2008-08-15,5003,2008,8,5177.0,5138.0,5143.0
2008-09-15,3974,2008,9,5003.0,5177.0,5138.0
2008-10-15,4738,2008,10,3974.0,5003.0,5177.0
2008-11-15,5078,2008,11,4738.0,3974.0,5003.0
2008-12-15,5103,2008,12,5078.0,4738.0,3974.0
2009-01-15,5144,2009,1,5103.0,5078.0,4738.0
2009-02-15,5239,2009,2,5144.0,5103.0,5078.0
2009-03-15,5219,2009,3,5239.0,5144.0,5103.0
2009-04-15,5278,2009,4,5219.0,5239.0,5144.0
2009-05-15,5377,2009,5,5278.0,5219.0,5239.0
2009-06-15,5269,2009,6,5377.0,5278.0,5219.0
2009-07-15,5398,2009,7,5269.0,5377.0,5278.0
2009-08-15,5418,2009,8,5398.0,5269.0,5377.0
2009-09-15,5559,2009,9,5418.0,5398.0,5269.0
2009-10-15,5524,2009,10,5559.0,5418.0,5398.0
2009-11-15,5395,2009,11,5524.0,5559.0,5418.0
2009-12-15,5452,2009,12,5395.0,5524.0,5559.0
2010-01-15,5404,2010,1,5452.0,5395.0,5524.0
2010-02-15,5553,2010,2,5404.0,5452.0,5395.0
2010-03-15,5515,2010,3,5553.0,5404.0,5452.0
2010-04-15,5392,2010,4,5515.0,5553.0,5404.0
2010-05-15,5401,2010,5,5392.0,5515.0,5553.0
2010-06-15,5380,2010,6,5401.0,5392.0,5515.0
2010-07-15,5298,2010,7,5380.0,5401.0,5392.0
2010-08-15,5447,2010,8,5298.0,5380.0,5401.0
2010-09-15,5616,2010,9,5447.0,5298.0,5380.0
2010-10-15,5631,2010,10,5616.0,5447.0,5298.0
2010-11-15,5576,2010,11,5631.0,5616.0,5447.0
2010-12-15,5607,2010,12,5576.0,5631.0,5616.0
2011-01-15,5497,2011,1,5607.0,5576.0,5631.0
2011-02-15,5406,2011,2,5497.0,5607.0,5576.0
2011-03-15,5618,2011,3,5406.0,5497.0,5607.0
2011-04-15,5562,2011,4,5618.0,5406.0,5497.0
2011-05-15,5625,2011,5,5562.0,5618.0,5406.0
2011-06-15,5589,2011,6,5625.0,5562.0,5618.0
2011-07-15,5440,2011,7,5589.0,5625.0,5562.0
2011-08-15,5665,2011,8,5440.0,5589.0,5625.0
2011-09-15,5614,2011,9,5665.0,5440.0,5589.0
2011-10-15,5902,2011,10,5614.0,5665.0,5440.0
2011-11-15,6039,2011,11,5902.0,5614.0,5665.0
2011-12-15,6112,2011,12,6039.0,5902.0,5614.0
2012-01-15,6177,2012,1,6112.0,6039.0,5902.0
2012-02-15,6268,2012,2,6177.0,6112.0,6039.0
2012-03-15,6327,2012,3,6268.0,6177.0,6112.0
2012-04-15,6320,2012,4,6327.0,6268.0,6177.0
2012-05-15,6370,2012,5,6320.0,6327.0,6268.0
2012-06-15,6275,2012,6,6370.0,6320.0,6327.0
2012-07-15,6431,2012,7,6275.0,6370.0,6320.0
2012-08-15,6351,2012,8,6431.0,6275.0,6370.0
2012-09-15,6598,2012,9,6351.0,6431.0,6275.0
2012-10-15,6970,2012,10,6598.0,6351.0,6431.0
2012-11-15,7082,2012,11,6970.0,6598.0,6351.0
2012-12-15,7106,2012,12,7082.0,6970.0,6598.0
2013-01-15,7083,2013,1,7106.0,7082.0,6970.0
2013-02-15,7145,2013,2,7083.0,7106.0,7082.0
2013-03-15,7214,2013,3,7145.0,7083.0,7106.0
2013-04-15,7374,2013,4,7214.0,7145.0,7083.0
2013-05-15,7326,2013,5,7374.0,7214.0,7145.0
2013-06-15,7277,2013,6,7326.0,7374.0,7214.0
2013-07-15,7522,2013,7,7277.0,7326.0,7374.0
2013-08-15,7534,2013,8,7522.0,7277.0,7326.0
2013-09-15,7838,2013,9,7534.0,7522.0,7277.0
2013-10-15,7760,2013,10,7838.0,7534.0,7522.0
2013-11-15,7919,2013,11,7760.0,7838.0,7534.0
2013-12-15,7932,2013,12,7919.0,7760.0,7838.0
2014-01-15,8072,2014,1,7932.0,7919.0,7760.0
2014-02-15,8149,2014,2,8072.0,7932.0,7919.0
2014-03-15,8291,2014,3,8149.0,8072.0,7932.0
2014-04-15,8520,2014,4,8291.0,8149.0,8072.0
2014-05-15,8636,2014,5,8520.0,8291.0,8149.0
2014-06-15,8734,2014,6,8636.0,8520.0,8291.0
2014-07-15,8837,2014,7,8734.0,8636.0,8520.0
2014-08-15,8920,2014,8,8837.0,8734.0,8636.0
2014-09-15,9070,2014,9,8920.0,8837.0,8734.0
2014-10-15,9250,2014,10,9070.0,8920.0,8837.0
2014-11-15,9307,2014,11,9250.0,9070.0,8920.0
2014-12-15,9546,2014,12,9307.0,9250.0,9070.0
2015-01-15,9375,2015,1,9546.0,9307.0,9250.0
2015-02-15,9496,2015,2,9375.0,9546.0,9307.0
2015-03-15,9575,2015,3,9496.0,9375.0,9546.0
2015-04-15,9648,2015,4,9575.0,9496.0,9375.0
2015-05-15,9463,2015,5,9648.0,9575.0,9496.0
2015-06-15,9347,2015,6,9463.0,9648.0,9575.0
2015-07-15,9433,2015,7,9347.0,9463.0,9648.0
2015-08-15,9398,2015,8,9433.0,9347.0,9463.0
2015-09-15,9469,2015,9,9398.0,9433.0,9347.0
2015-10-15,9392,2015,10,9469.0,9398.0,9433.0
2015-11-15,9326,2015,11,9392.0,9469.0,9398.0
2015-12-15,9268,2015,12,9326.0,9392.0,9469.0
2016-01-15,9204,2016,1,9268.0,9326.0,9392.0
2016-02-15,9064,2016,2,9204.0,9268.0,9326.0
2016-03-15,9106,2016,3,9064.0,9204.0,9268.0
2016-04-15,8878,2016,4,9106.0,9064.0,9204.0
2016-05-15,8837,2016,5,8878.0,9106.0,9064.0
2016-06-15,8678,2016,6,8837.0,8878.0,9106.0
2016-07-15,8667,2016,7,8678.0,8837.0,8878.0
2016-08-15,8692,2016,8,8667.0,8678.0,8837.0
2016-09-15,8545,2016,9,8692.0,8667.0,8678.0
2016-10-15,8807,2016,10,8545.0,8692.0,8667.0
2016-11-15,8906,2016,11,8807.0,8545.0,8692.0
2016-12-15,8818,2016,12,8906.0,8807.0,8545.0
2017-01-15,8873,2017,1,8818.0,8906.0,8807.0
2017-02-15,9111,2017,2,8873.0,8818.0,8906.0
2017-03-15,9167,2017,3,9111.0,8873.0,8818.0
2017-04-15,9102,2017,4,9167.0,9111.0,8873.0
2017-05-15,9187,2017,5,9102.0,9167.0,9111.0
2017-06-15,9111,2017,6,9187.0,9102.0,9167.0
2017-07-15,9247,2017,7,9111.0,9187.0,9102.0
2017-08-15,9248,2017,8,9247.0,9111.0,9187.0
2017-09-15,9514,2017,9,9248.0,9247.0,9111.0
2017-10-15,9668,2017,10,9514.0,9248.0,9247.0
2017-11-15,10086,2017,11,9668.0,9514.0,9248.0
2017-12-15,9987,2017,12,10086.0,9668.0,9514.0
2018-01-15,10002,2018,1,9987.0,10086.0,9668.0
2018-02-15,10281,2018,2,10002.0,9987.0,10086.0
2018-03-15,10467,2018,3,10281.0,10002.0,9987.0
2018-04-15,10495,2018,4,10467.0,10281.0,10002.0
2018-05-15,10432,2018,5,10495.0,10467.0,10281.0
2018-06-15,10640,2018,6,10432.0,10495.0,10467.0
2018-07-15,10901,2018,7,10640.0,10432.0,10495.0
2018-08-15,11394,2018,8,10901.0,10640.0,10432.0
2018-09-15,11446,2018,9,11394.0,10901.0,10640.0
2018-10-15,11516,2018,10,11446.0,11394.0,10901.0
2018-11-15,11911,2018,11,11516.0,11446.0,11394.0
2018-12-15,11985,2018,12,11911.0,11516.0,11446.0
2019-01-15,11873,2019,1,11985.0,11911.0,11516.0
2019-02-15,11672,2019,2,11873.0,11985.0,11911.0
2019-03-15,11910,2019,3,11672.0,11873.0,11985.0
2019-04-15,12143,2019,4,11910.0,11672.0,11873.0
2019-05-15,12153,2019,5,12143.0,11910.0,11672.0
2019-06-15,12221,2019,6,12153.0,12143.0,11910.0
2019-07-15,11902,2019,7,12221.0,12153.0,12143.0
2019-08-15,12485,2019,8,11902.0,12221.0,12153.0
2019-09-15,12589,2019,9,12485.0,11902.0,12221.0
2019-10-15,12806,2019,10,12589.0,12485.0,11902.0
2019-11-15,12994,2019,11,12806.0,12589.0,12485.0
2019-12-15,12980,2019,12,12994.0,12806.0,12589.0
2020-01-15,12851,2020,1,12980.0,12994.0,12806.0
2020-02-15,12844,2020,2,12851.0,12980.0,12994.0
2020-03-15,12796,2020,3,12844.0,12851.0,12980.0
2020-04-15,11911,2020,4,12796.0,12844.0,12851.0
2020-05-15,9714,2020,5,11911.0,12796.0,12844.0
2020-06-15,10446,2020,6,9714.0,11911.0,12796.0
2020-07-15,11008,2020,7,10446.0,9714.0,11911.0
2020-08-15,10585,2020,8,11008.0,10446.0,9714.0
2020-09-15,10934,2020,9,10585.0,11008.0,10446.0
2020-10-15,10469,2020,10,10934.0,10585.0,11008.0
2020-11-15,11210,2020,11,10469.0,10934.0,10585.0
2020-12-15,11179,2020,12,11210.0,10469.0,10934.0
2021-01-15,11152,2021,1,11179.0,11210.0,10469.0
2021-02-15,9938,2021,2,11152.0,11179.0,11210.0
2021-03-15,11372,2021,3,9938.0,11152.0,11179.0
2021-04-15,11353,2021,4,11372.0,9938.0,11152.0
2021-05-15,11423,2021,5,11353.0,11372.0,9938.0
2021-06-15,11394,2021,6,11423.0,11353.0,11372.0
2021-07-15,11416,2021,7,11394.0,11423.0,11353.0
2021-08-15,11314,2021,8,11416.0,11394.0,11423.0
2021-09-15,10957,2021,9,11314.0,11416.0,11394.0
2021-10-15,11637,2021,10,10957.0,11314.0,11416.0
2021-11-15,11867,2021,11,11637.0,10957.0,11314.0
2021-12-15,11752,2021,12,11867.0,11637.0,10957.0
2022-01-15,11442,2022,1,11752.0,11867.0,11637.0
2022-02-15,11467,2022,2,11442.0,11752.0,11867.0
2022-03-15,11875,2022,3,11467.0,11442.0,11752.0
2022-04-15,11812,2022,4,11875.0,11467.0,11442.0
2022-05-15,11742,2022,5,11812.0,11875.0,11467.0
2022-06-15,11913,2022,6,11742.0,11812.0,11875.0
2022-07-15,11992,2022,7,11913.0,11742.0,11812.0
2022-08-15,12123,2022,8,11992.0,11913.0,11742.0
2022-09-15,12439,2022,9,12123.0,11992.0,11913.0
2022-10-15,12431,2022,10,12439.0,12123.0,11992.0
2022-11-15,12467,2022,11,12431.0,12439.0,12123.0
2022-12-15,12175,2022,12,12467.0,12431.0,12439.0
2023-01-15,12611,2023,1,12175.0,12467.0,12431.0
2023-02-15,12591,2023,2,12611.0,12175.0,12467.0
2023-03-15,12815,2023,3,12591.0,12611.0,12175.0
2023-04-15,12680,2023,4,12815.0,12591.0,12611.0
2023-05-15,12730,2023,5,12680.0,12815.0,12591.0
2023-06-15,12866,2023,6,12730.0,12680.0,12815.0
2023-07-15,12935,2023,7,12866.0,12730.0,12680.0
2023-08-15,13047,2023,8,12935.0,12866.0,12730.0
2023-09-15,13177,2023,9,13047.0,12935.0,12866.0
2023-10-15,13149,2023,10,13177.0,13047.0,12935.0
2023-11-15,13281,2023,11,13149.0,13177.0,13047.0
2023-12-15,13308,2023,12,13281.0,13149.0,13177.0
2024-01-15,12554,2024,1,13308.0,13281.0,13149.0
2024-02-15,13102,2024,2,12554.0,13308.0,13281.0
2024-03-15,13171,2024,3,13102.0,12554.0,13308.0
2024-04-15,13249,2024,4,13171.0,13102.0,12554.0
2024-05-15,13201,2024,5,13249.0,13171.0,13102.0
2024-06-15,13240,2024,6,13201.0,13249.0,13171.0
2024-07-15,13192,2024,7,13240.0,13201.0,13249.0
2024-08-15,13364,2024,8,13192.0,13240.0,13201.0
2024-09-15,13185,2024,9,13364.0,13192.0,13240.0
2024-10-15,13450,2024,10,13185.0,13364.0,13192.0
2024-11-15,13352,2024,11,13450.0,13185.0,13364.0
2024-12-15,13438,2024,12,13352.0,13450.0,13185.0
2025-01-15,13141,2025,1,13438.0,13352.0,13450.0
2025-02-15,13240,2025,2,13141.0,13438.0,13352.0
2025-03-15,13488,2025,3,13240.0,13141.0,13438.0
